,0
anchor_age,0.10652567101693357
resp_rate_mean,0.07631741931783122
temp_c_mean,0.0749733968546559
heart_rate_min,0.06816030669726968
dbp_min,0.06238698185406616
heart_rate_mean,0.05986573122513079
temp_c_min,0.05942212992258953
sbp_mean,0.058904620549216344
heart_rate_max,0.050766082573797805
sbp_min,0.04840374188998643
spo2_mean,0.04691001589449191
sbp_max,0.04522531097127306
dbp_max,0.043191351884046096
temp_c_max,0.042394221616023305
resp_rate_max,0.041195177867447794
dbp_mean,0.039236958332498614
spo2_min,0.033237773038991746
resp_rate_min,0.03140086497566285
spo2_max,0.011482243518087252
